heavy,light,Tm1 (nanoDSF),fitness
VQLVESGGGVVQPGRSLRLSCVASGFSFSHYAMHWVRQAPGKGLEWVAVISYDGERTYYADSVKGRFSISRDNSKNTVYLQMNSLRPEDTALYYCARDRIVDDYYYYGMDVWGQGATVTVSS,DIQMTQSPSSLSASVGDRVTITCQASQDIGNYLNWYHQKPGKVPELLMHDASNLEPGVPSRFSGRGSGTDFTLTISSLQPEDIGTYYCQQYDRLPILTFGEGTKVEIK,48.7,48.7
VQLVESGGGVVQPGRSLRLSCVASGFSFSHYAMHWVRQAPGKGLEWVAVISHDGEYTYYADSVKGRFSISRDNSKNTVYLQMNSLRPEDTALYYCARDRIVDDLYYYGMDVWGQGATVTVSS,DIQMTQSPSSLSASVGDRVTITCQASQDIGTYLNWYHQKPGKVPELLMHDASNLEPGVPSRFSGRGSGTDFTLTISSLQPEDIGTYYCQQYDRLANLTFGEGTKVEIK,52.5,52.5
VQLVESGGGVVQPGRSLRLSCAASGFSFSHYAMHWVRQAPGKGLEWVAVISYDGEYTYYADSVKGRFSISRDNSKNTVYLQMNSLRPEDTALYYCARDRIVDDYYYYGMDVWGQGATVTVSS,DIQMTQSPSSLSASVGDRVTITCQASQDIKKYLNWYHQKPGKVPELLMHDASNLEPGVPSRFSGRGSGTDFTLTISSLQPEDIGTYYCQQYDRLPILTFGEGTKVEIK,49.2,49.2
VQLVESGGGVVQPGRSLRLSCAASGFSFSHYAMHWVRQAPGKGLEWVAVISYDGENTYYADSVKGRFSISRDNSKNTVYLQMNNLRPEDTALYYCARDRIVDDYYYYGMDVWGQGTTVTVSS,DIQMTQSPSSLSASVGDRVTITCQASQDIKKYLNWYHQKPGKVPELLMHDASNLETGVPSRFSGRGSGTDFTLTISSLQPEDIGIYYCQQYDNLPPLTFGQGTKVEIK,57.6,57.6
VQLVESGGGVVQPGRSLRLSCVASGFSFSHYAMHWVRQAPGKGLEWVAVISYDGEITYYHDSVKGRFSISRDNSKNTVYLQMNNLRPEDTALYYCARDRIVDDYYYYGMDVWGQGATVTVSS,DIQMTQSPESLSASVGDRVTITCRASQDIKNYLNWYHQKPGKVPELLMHDANNLEDGVPSRFSGRGSGTDFTLTISSLQPEDIGTYYCQQYTDSGNLTFGQGTKVEIK,50.9,50.9
VQLVESGGGVVQPGRSLRLSCVASGFSFSHYAMHWVRQAPGKGLEWVAVISYDGEITYYHSSVKGRFSISRDNSKNTVFLQMNSLRPEDTALYYCARDRIVDDTYYYGMDVWGQGATVTVSS,DIQMTQSPESLSASVGDRVTITCRASQDIKNYLNWYHQKPGKVPELLMHDANNLESGVPSRFSGRGSGTDFTLTISSLQPEDIGTYYCQQYTDLPNLTFGQGTKVEIK,48.9,48.9
VQLVESGGGVVQPGRSLRLSCVASGFSFSHYAMHWVRQAPGKGLEWVAVISYDGEITYYHDSVKGRFSISRDNSKNTVYLQMNSLRPEDTALYYCARDRIVDDYYYYGMDVWGQGATVTVSS,DIQMTQSPSSLSASVGDRVTITCRASQDIKNYLNWYHQKPGKVPELLMHDANNLEDGVPSRFSGRGSGTDFTLTISSLQPEDIGTYYCQQYYDLPNLTFGQGTKVEIK,51.2,51.2
QVQLVQSGAEVKKPGSSVMVSCQASGGPLRNYIINWLRQPPGQGPEWMGGIIPSLGLVYYAPKFQGRVTITADESTDTAYIHLINLRSEDTAMYYCATETALVVSSGYLPYYFDNWGQGTLVIVSS,DIQMTQSPSSLSASVGDRVTITCRASQDIGNYLNWYQQKPGKAPKLLIYVTSNLDSGVPSRFSGSGSGTDFSLTISSLQPEDVATYYCQQYSNLPLTFGSGTKVEIK,69,69
QVQLVQSGAEVKKPGSSVMVSCQASGGPLRNYIINWLRQPPGQGPEWMGGIIPSLGTVHYAPKFQGRVTITADESTDTAYIHLISLRSEDTAMYYCATETALVVSTTYLPHYFDNWGQGTLVTVSS,DIQMTQSPSSLSASVGDRVTITCRASQDIGNYLNWYQQKPGKAPKLLIYVTSNLETGVPSRFSGSGSGTDFSLTISSLQPEDVATYYCQQYDNLPLTFGQGTKVEIK,75.6,75.6
QVQLVQSGAEVKKPGSSVMVSCQASGGPLRNYIINWLRQAPGQGPEWMGGIIPVLGLVHYAPKFQGRVTITADESTDTAYIHLISLRSEDTAMYYCATETALVVSDGYLPYYFDNWGQGTLVTVSS,DIQMTQSPSSLSASVGDRVTITCRASQDIVNYLNWYQQKPGKAPKLLIYVTSNLETGVPSRFSGSGSGTDFSLTISSLQPEDVATYYCQQYDNLPLTFGSGTKVEIK,56.2,56.2
QVQLVQSGAEVKKPGSSVMVSCQASGGPLRNYIINWLRQPPGQGPEWMGGIIPVLGTVHYAPKFQGRVTITADESTDTAYIHLINLRSEDTAMYYCATETALVVSTTYLPHYFDNWGQGTLVIVSS,DIQMTQSPSSLSASVGDRVTITCQASQDIVNYLNWYQQKPGKAPKLLIYVASNLETGVPSRFSGSGSGTDFSLTISSLQPEDVAIYYCQQYDNLPLTFGQGTKVEIK,60.4,60.4
QVQLVQSGAEVKKPGSSVMVSCQASGGPLRNYIINWLRQPPGQGPEWMGGIIPSLGTVYYAPKFQGRVTITADESTDTAYIHLISLRSEDTAMYYCATETALVVSTGYLPYYFDNWGQGTLVTVSS,DIQMTQSPSSLSASVGDRVTITCQASQDISNYLNWYQQKPGKAPKLLIYVTSYLETGVPSRFSGSGSGTDFSLTISSLQPEDVATYYCQQYDNLPLTFGQGTKVEIK,63.4,63.4
QVTLRESGPSLVKPTQTLTLTCTFSGFSLSRAGMSVGWIRQPPGKSLEWLADIWWDGKTYYNPSLKDRLTISKDTSKNQVVLKVTNMDPADTATYYCARDMIFNFYFDVWGQGTTVTVSS,DIQMTQSPSTLSASVGDRVTITCSASSSVGYMHWYQQKPGKAPKLLIYDTSKLASGVPSRFSGSGSGTEFTLTISSLQPDDFATYYCFQGSSYPFTFGEGTKVEIK,44.8,44.8
QVTLRESGPSLVKPTQTLTLTCTFSGFSLSRAGMAVGWIRQPPGKSLEWLADIWWDGKTYYNPSLKDRLTISKDTSKNQVVLKVTNMDPADTATYYCARSMIFNFYFDVWGQGITVTVSS,DIQMTQSPSILSASVGDRVTITCSASSSVGYMHWYQQKPGKAPKLLIYDTSKLASGVPSRFSGSGSGTEFTLTISSLQPDDFATYYCFQGSSYPFTFGEGTKVEIK,55.2,55.2
QVTLRESGPSLVKPTQTLTLTCTFSGFSLSTAGMSVGWIRQPPGKSLEWLADIWWDDKKHYNPSLKDRLTISKDTSKNQVVLKVTNMDPADTATYYCARDMIFNFYFDVWGQGITVTVSS,DIQMTQSPSTLSASVGDRVTITCSASSRVGYMHWYQQKPGKAPKLLIYDTSKLASGVPSRFSGSGSGTEFTLTISSLQPDDFATYYCFQGSGYPFTFGEGTKVEIK,49.4,49.4
QVQLVQSGAEVKKPGSSVKVSCKTSAGNYSTYSINWVRQAPGQGLEWMGAIIPIFGKTRYHQKFQGRVTITADSSTNTAYMELTSLTSEDTAMYYCARVEDTALDHYFDYWGQGALVTVSS,QSMLTQPRSVSGSPGQSVTISCQGTSSIVGTYDYVSWYQQLPGKAPKLMIYDVTRRPKGVPDRFSGSKSGNTASLTISGLQKDDEADYYCCSYTGTLTWVFGTGTKLTVL,49,49
QVQLVQSGAEVKKPGSSVKVSCKTSGGTYGTYSINWVRQAPGQGLEWMGAIIPIFGKTNYAQKFQGRVTITADSSTNTAYMELTSLTSEDTAMYYCARVEDTALDHYFDYWGQGALVTVSS,QSPLTQPRSVSGSPGQSVTISCTGTSGDVGTYNYVSWYQQLPGKAPKLMIYDVTRRPSGVPDRFSGSKSGNTASLTISGLQEDDEADYYCCSYAGTLTWVFGTGTKLTVL,53.7,53.7
QVQLVQSGAEVKKPGSSVKVSCKTSSGSYSTYSINWVRQAPGQGLEWMGAIIPIFGKTNYHQKFQGRVTITADSSTNTAYMELTSLTSEDTAMYYCARVEDQALDHYFDYWGQGALVTVSS,QSALTQPRSVSGSPGQSVTISCQGTSSDTGTYDYVSWYQQLPGKAPKLMIYDVTRRPSGVPDRFSGSKSGNTASLTISGLQKDDEADYYCCVYTGTLTWIFGGGTKLTVL,50.1,50.1
VQLVESGGGVVQPGRSLRLSCQASGFSFSHYAMHWVRQPPGKGLEWVAVISYDGEKTYYADSVKGRFSISRDNSKNTVHLQMNNLRPEDTALYYCARDRIVDDYYYYGMDVWGQGATVIVSS,DIQMTQSPESLSASVGDRVTITCQASQDIKNWLNWYHQKPGKVPELLMDKGHVLHPGVPSRFSGRGSGTDFTLTISSLQPEDIGTYYCQQYDNLPPLTFGEGTKVEIK,56.7,56.7
VQLVESGGGVVQPGRSLRLSCVASGFSFSHYAMHWVRQPPGKGLEWVAVISYDGEKTYYADSVKGRFSISRDNSKNTVHLQMNNLRPEDTALYYCARDRIVDDYYYYGMDVWGQGATVIVSS,DIQMTQSPESLSASVGDRVTITCRASRSLVNSNGNTYLYWYHQKPGKVPELLMHDGTNLHDGVPSRFQGRGSGTDFTLTISSLQPEDIGIYYCQQFDNLPPISFGEGTKVEIK,53.9,53.9
VQLVESGGGVVQPGRSLRLSCVASGFSFSHYAMHWVRQPPGKGLEWVAVISYDGEYTYYADSVKGRFSISRDNSKNTVHLQMNNLRPEDTALYYCARDRIVDDYYYYGMDVWGQGAIVIVSS,DIQMTQSPESLSASVGDRVTITCRASESVDYNGRSFIHWYHQKPGKVPELLMHDASNLEPGVPSRFQGRGSGTDFTLTISSLQPEDIGTYYCQQYDKLPPLTFGEGTKVEIK,58.1,58.1
VQLVESGGGVVQPGRSLRLSCVASGFSFSHYAMHWVRQPPGKGLEWVAVISYDGERTHYADSVKGRFSISRDNSKNTVHLQMNNLRPEDTALYYCARDRIVDDYYYYGMDVWGQGATVIVSS,DIQMTQSPESLSASVGDRVTITCQASQDIKTWLNWYHQKPGKVPELLMYDSNKLDSNVPSRFSGRGSGTDFTLTISSLQPEDIGTYYCQQYDKLPPLTFGEGTKVEIK,53.9,53.9
VQLVESGGGVVQPGRSLRLSCVASGFSFSHYAMHWVRQPPGKGLEWVAVISYDGEYTYYADSVKGRFSISRDNSKNTVHLQMNNLRPEDTALYYCARDRIVDDYYYYGMDVWGQGATVIVSS,DIQMTQSPESLSASVGDRVTITCRASQSLVNSNGNTYLYWYHQKPGKVPELLMHDGTNLEEGVPSRFSGRGSGTDFTLTISSLQPEDIGTYYCMQFDNLPPLSFGEGTKVEIK,54.2,54.2
VQLVESGGGVVQPGRSLRLSCVASGFSFSHYAMHWVRQPPGKGLEWVAVISYDGKYTYYADSVKGRFSISRDNSKNTVHLQMNNLRPEDTALYYCARDRIVDDYYYYGMDVWGQGATVIVSS,DIQMTQSPESLSASVGDRVTITCKSSQSLLNSNTQKNYLAWYHQKPGKVPELLMHDGTNLEPGVPSRFQGRGSGTDFTLTISSLQPEDIGTYYCQQYDKLPPLTFGEGTKVEIK,54.3,54.3
VQLVESGGGVVQPGRSLRLSCVASGFSFSHYAMHWVRQPPGKGLEWVAVISYDGEKTYYADSVKGRFSISRDNSKNTVHLQMNNLRPEDTALYYCARDRIVDDYYYYGMDVWGQGAIVIVSS,DIQMTQSPESLSASVGDRVTITCRASESVDYNGRSFIHWYHQKPGKVPELLMHDGSNLEPGVPSRFSGRGSGTDFTLTISSLQPEDIGTYYCQQYDKLPPLTFGEGTKVEIK,56,56
VQLVESGGGVVQPGRSLRLSCVASGFAFSHYAMHWVRQPPGKGLEWVAVISYDGEKTYYADSVKGRFSITRDNSKNTVHLQMNNLRPEDTALYYCARDRIVDDYYYYGMDVWGQGATVIVSS,DIQMTQHPESLSASVGDRVTITCRASRSLVNSNGNTYLYWYHQKPGKVPELLMHDGTNLHPGVPERFQGRGSGTDFTLTISSLQPEDIGIYYCMQFDNLPPLSFGEGTKVEIK,55.7,55.7
VQLVESGGGVVQPGRSLRLSCVASGFAFSHYAMHWVRQPPGKGLEWVAVISYDGEKTYYADSVKGRFSITRDNSKNTVHLQMNNLRPEDTALYYCARDRIVDDYYYYGMDVWGQGATVIVSS,DIQMTQSPESLSASVGDRVTITCRSSQSLLNSNTQKNYLAWYHQKPGKVPELLMHDGTNLEPGVPERFQGRGSGTDFTLTISSLQPEDIGIYYCQQYDKLPPLTFGEGTKVEIK,58.2,58.2
VQLVESGGGVVQPGRSLRLSCVASGFAFSHYAMHWVRQPPGKGLEWVAVISYDGEKTYYADSVKGRFSISRDNSKNTVHLQMNNLRPEDTALYYCARDRIVDDYYYYGMDVWGQGAIVIVSS,DIQMTQSPESLSASVGDRVTITCRASDSVDYNGRSFIHWYHQKPGKVPELLMHDASSLEPGVPERFQGRGSGTDFTLTISSLQPEDIGIYYCQQYDKLPPLSFGEGTKVEIK,59.2,59.2
VQLVESGGGVVQPGRSLRLSCVASGFSFSHYAMHWVRQPPGKGLEWVAVISYDGERTHYADSVKGRFSISRDNSKNTVHLQMNNLRPEDTALYYCARDRIVDDYYYYGMDVWGQGATVIVSS,DIQMTQSPESLSASVGDRVTITCQASQDIKTFLNWYHQKPGKVPELLMYDSNKLSSNVPSRFQGRGSGTDFTLTISSLQPEDIGTYYCQQYDKLPPLTFGEGTKVEIK,58.3,58.3
VQLVESGGGVVQPGRSLRLSCQASGFSFSHYAMHWVRQPPGKGLEWVAVISYDGEKTYYADSVKGRFSISRDNSKNTVHLQMNNLRPEDTALYYCARDRIVDDYYYYGMDVWGQGATVTVSS,DIQMTQSPESLSASVGDRVTITCQASQDIKKYLNWYHQKPGKVPELLMDKGHVVHPGVPSRFSGRGSGTDFTLTISSLQPEDIGTYYCQQYDNLPPLTFGEGTKVEIK,59.2,59.2
VQLVESGGGVVQPGRSLRLSCVASGFSFSHYAMHWVRQPPGKGLEWVAVISYDGEYTYYADSVKGRFSISRDNSKNTVHLQMNSLRPEDTALYYCARDRIVDDYYYYGMDVWGQGATVIVSS,DIQMTQSPSSLSASVGDRVTITCRASESVDYDGRSFIHWYHQKPGKVPELLMHDTSNLEPGVPSRFSGRGSGTDFTLTISSLQPEDIGTYYCQQYDRLPPLTFGEGTKVEIK,58.5,58.5
VQLVESGGGVVQPGRSLRLSCVASGFSFSHYAMHWVRQPPGKGLEWVAVISYDGENTYYADSVKGRFSISRDNSKNTVHLQMNSLRPEDTALYYCARDRIVDDYYYYGMDVWGQGATVTVSS,DIQMTQSPESLSASVGDRVTITCQASQDIKKYLNWYHQKPGKVPELLMYDANKLDSNVPSRFSGRGSGTDFTLTISSLQPEDIGTYYCQQYDKLPPLTFGEGTKVEIK,55.9,55.9
VQLVESGGGVVQPGRSLRLSCKASGFSFSHYAMHWVRQPPGKGLEWVAVISYDGEETYYADSVKGRFSISRDNSKNTVHLQMNNLRPEDTALYYCARDRIVDDYYYYGMDVWGQGATVIVSS,DIQMTQSPESLSASVGDRVTITCKSSQSLLNSNTQKNYLAWYHQKPGKVPELLMHDATNLEPGVPSRFSGRGSGTDFTLTISSLQPEDIGTYYCQQYDKLPPLTFGEGTKVEIK,57.2,57.2
VQLVESGGGVVQPGRSLRLSCVASGFSFSHYAMHWVRQPPGKGLEWVAVISYDGEITYYADSVKGRFSISRDNSKNTVHLQMNNLRPEDTALYYCARDRIVDDYYYYGMDVWGQGATVTVSS,DIQMTQSPESLSASVGDRVTITCQASQDIKNYLNWYHQKPGKVPELLMYDSNKLDSNVPSRFSGRGSGTDFTLTISSLQPEDIGTYYCQQYDKLPPLTFGEGTKVEIK,56,56
VQLVESGGGVVQPGRSLRLSCQASGFSFSHYAMHWVRQPPGKGLEWVAVISYDGEITYYADSVKGRFSISRDNSKNTVSLQMNSLRPEDTALYYCARDRIVDDYYYYGMDVWGQGATVTVSS,DIQMTQSPSSLSASVGDRVTITCQASQDIKKYLNWYHQKPGKVPELLMDKGHVVHPGVPSRFSGRGSGTDFTLTISSLQPEDIGTYYCQQYDNLPPLTFGEGTKVEIK,59.4,59.4
VQLVESGGGVVQPGRSLRLSCAASGFSFSHYAMHWVRQPPGKGLEWVAVISYDGEETYYADSVKGRFSISRDNSKNTVHLQMNNLRPEDTALYYCARDRIVDDYYYYGMDVWGQGATVTVSS,DIQMTQSPSSLSASVGDRVTITCKSSQSLLNSNTQKNYLAWYHQKPGKVPELLMHDASNLEPGVPSRFSGRGSGTDFTLTISSLQPEDIGTYYCQQYDKLPPLTFGEGTKVEIK,61.5,61.5
VQLVESGGGVVQPGRSLRLSCAASGFSFSHYAMHWVRQPPGKGLEWVAVISYDGENTYYADSVKGRFSISRDNSKNTVSLQMNSLRPEDTALYYCARDRIVDDYYYYGMDVWGQGATVTVSS,DIQMTQSPSSLSASVGDRVTITCQASQDIKKYLNWYHQKPGKVPELLMDKGHVVHPGVPSRFSGRGSGTDFTLTISSLQPEDIGTYYCQQYDNLPPLTFGEGTKVEIK,60,60
VQLVESGGGVVQPGRSLRLSCAASGFSFSHYAMHWVRQPPGKGLEWVAVISYDGENTYYADSVKGRFSISRDNSKNTVSLQMNSLRPEDTALYYCARDRIVDDYYYYGMDVWGQGATVTVSS,DIQMTQSPSSLSASVGDRVTITCRASQSLVNSNGNTYLYWYHQKPGKVPELLMHDASNLETGVPSRFSGRGSGTDFTLTISSLQPEDIGTYYCQQYDNLPPLTFGGGTKVEIK,58.8,58.8
VQLVESGGGVVQPGRSLRLSCAASGFSFSHYAMHWVRQPPGKGLEWVAVISYDGEITYYADSVKGRFSISRDNSKNTVSLQMNSLRPEDTALYYCARDRIVDDYYYYGMDVWGQGATVTVSS,DIQMTQSPSSLSASVGDRVTITCQASQDIKKYLNWYHQKPGKVPELLMDKGHVVHPGVPSRFSGRGSGTDFTLTISSLQPEDIGTYYCQQYDNLPPLTFGEGTKVEIK,60.4,60.4
QVQLVQSGPEVKKPGSSVMVSCQASGGPLRDYIINWLRQPPGQGPEWMGGIIPVLGEVYYAPKFQGRVIITADESTDTAYIHLINLRSEDTAMYYCATETALVVSTTYLPHYFDNWGQGTLVIVSS,DIQMTQSPSSLSASVGDRVTITCQASQDIGNYLNWYQQKPGKPPKLLIYAGNNLDSSVPSRFSGSGSGTDFSLTISSLQPEDVAIYYCQQYANLPLTFGQGTKVEIK,68.3,68.3
QVQLVQSGPEVKKPGSSVMVSCQASGGPLRNYIINWLRQPPGQGPEWMGGIIPVLGTVHYAPKFQGRVTITADESTDTAYIHLINLRSEDTAMYYCATETALVVSTTYLPHYFDNWGQGTLVIVSS,DIQMTQSPSSLSAAVGDRVTITCQASQDIGNYLNWYQQKPGKPPKLLIYVASYLDSGVPERFSGSGSGTDFSLTISSLQPEDVAIYYCCTQDFPHQFGQGTKVEIK,56.5,56.5
QVQLVQSGPEVKKPGSSVMVSCQASGGPLRNYIINWLRQPPGQGPEWMGGIIPVLGTVHYAPKFQGRVTITADESTDTAYIHLINLRSEDTAMYYCATETALVVSTTYLPHYFDNWGQGTLVIVSS,DIQMTQSPSSLSAAVGDRVTITCQASQDIGNYLNWYQQKPGKPPKLLIYHASYLESGVPERFSGSGSGTDFSLTISSLQPEDVAIYYCCTQDFPHQFGQGTKVEIK,57.2,57.2
QVQLVQSGPEVKKPGSSVMVSCQASGGPLRNYIINWLRQPPGQGPEWMGGIIPVLGTVHYAPKFQGRVTITADESTDTAYIHLINLRSEDTAMYYCATETALVVSTTYLPHYFDNWGQGTLVIVSS,DIQMTQSPSSLSAAVGDRVTITCRASQDIGNYLNWYQQKPGKPPKLLIYLASYLESGVPERFSGSGSGTDFSLTISSLQPEDVAIYYCATQDFPHQFGQGTKVEIK,51.3,51.3
QVQLVQSGPEVKKPGSSVMVSCQASGGPLRNYIINWLRQPPGQGPEWMGGIIPVLGTVHYAPKFQGRVTITADESTDIAYIHLINLRSEDTAMYYCATETALVVSTTYLPHYFDNWGQGTLVIVSS,DIQMTQSPSSLSARVGDRVTITCQASQDIGNYLNWYQQKPGKPPKLLIYVASYLDSGVPERFSGSGSGTDFSLTISSLQPEDVAIYYCATQDFPHRFGQGTKVEIK,55.3,55.3
QVQLVQSGPEVKKPGSSVMVSCQASGGPLRNYIINWLRQPPGQGPEWMGGIIPVLGTVHYAPKFQGRVTITADESTDTAYIHLINLRSEDTAMYYCATETALVVSTTYLPHYFDNWGQGTLVIVSS,DIQMTQSPSSLSASVGDRVTITCQASQDIVNYLNWYQQKPGKPPKLLIYAGNNLDSSVPSRFSGSGSGTDFSLTISSLQPEDVAIYYCQQYDNLPLTFGQGTKVEIK,76.1,76.1
QVQLVQSGAEVKKPGSSVMVSCQASGGPLRNYIINWLRQAPGQGPEWMGGIIPVLGTVHYAPKFQGRVTITADESTDTAYIHLINLRSEDTAMYYCATETALVVSTTYLPHYFDNWGQGTLVIVSS,DIQMTQSPSSLSAAVGDRVTITCRASQDISNYLNWYQQKPGKPPKLLIYVASYLETGVPERFSGSGSGTDFSLTISSLQPEDVAIYYCATQDFPHQFGQGTKVEIK,56.7,56.7
QVQLVQSGPEVKKPGSSVMVSCQASGGPLRNYIINWLRQPPGQGPEWMGGIIPQLGTVYYAPKFQGRVTITADESTDTAYIHLINLRSEDTAMYYCATETALVVSTTYLPHYFDNWGQGTLVIVSS,DIQMTQSPSSLSASVGDRVTITCQASQDIVNYLNWYQQKPGKPPKLLIYAGNNLDSSVPSRFSGSGSGTDFSLTISSLQPEDVAIYYCQQYDNLPLTFGQGTKVEIK,76.3,76.3
QVQLVQSGAEVKKPGSSVMVSCQASGGPLRNYIINWLRQAPGQGPEWMGGIIPVLGTVHYAPKFQGRVTITADESTDTAYIHLISLRSEDTAMYYCATETALVVSTTYLPHYFDNWGQGTLVTVSS,DIQMTQSPSSLSAAVGDRVTITCQASQDIVNYLNWYQQKPGKAPKLLIYAGNNLDSGVPSRFSGSGSGTDFSLTISSLQPEDVATYYCQQYDNLPLTFGQGTKVEIK,76.1,76.1
EVQLVQSGPEVRKPGSSVKVSCKTSSGTYGTYSINWVRQAPGQGLEWMGAIIPIFGKTSYHQKFQGRVTITADSSTNTAYMELTNLTSEDTAMYYCARVEDTALDHYFDYWGQGALVTVSS,QSSLTQPRSVSGSPGQVVTITCTGTSSSMGTYNYVAWYQQLPGKPPKLMIYYNSRRYKHVPDRFSGSKSGNTAVLTISGLQKDDEADYYCCSYAGTLTWIFGDGTKLTVL,55.9,55.9
QVQLVQSGPEVRKPGSSVKVSCKTSSGTYGTYSINWVRQAPGQGLEWMGAIIPIFGITNYHQKFQGRVTITADSSTNTAYMELTNLTSEDTAMYYCARVEDTALDHYFDYWGQGALVTVSS,QSSLTQPRSVSGSPGQVVTISCTGTSSSMGTYNYVSWYQQLPGKPPKLMIYYNSRRYKHVPDRFSGSKSGNTASLTISGLQKDDEADYYCCSYAGTLTWIFGDGTKLTVL,56.7,56.7
QVQLVQSGPEVKKPGSSVKVSCKTSSGTYSTYSINWVRQAPGQGLEWMGAIIPIFGITRYHQKFQGRVTITADSSTNTAYMELTNLTSEDTAMYYCARVEDTALDHYFDYWGQGALVIVSS,QSSLTQPRSVSGSPGQVVTISCTGTSSQMGTFNYVAWYQQLPGKPPKLMIYGGSTRDSGVPDRFSGSKSGNTAVLTISGLQKDDEADYYCCAYVGTLTWVFGDGTKLTVL,54.8,54.8
EVQLVQSGPEVRKPGSSVKVSCKTSSGTHGTYSINWVRQAPGQGLEWMGAIIPIFGKTSYHQKFQGRVTITADSSTNTAYMELTNLTSEDTAMYYCARVEDTALDHYFDYWGQGALVTVSS,QSSLTQPRSVSGYPGQVVTITCTGTSSSMGTYNYVAWYQQLPGKPPKLMIYYNSRRYKHVPDRFSGSKSGNTAVLTISGLQKDDEADYYCCSYVGTLTWVFGDGTKLTVL,57.1,57.1
QVQLVQSGPEVRKPGSSVKVSCKTSSGTYSTYSINWVRQAPGQGLEWMGAIIPIFGITRYHQKFQGRVTITADSSTNTAYMELTNLTSEDTAMYYCARVEDTALDHYFDYWGQGALVIVSS,QSSLTQPRSVSGYPGQVVTISCTGTSSQMGTFNYVAWYQQLPGKPPKLMIYGASTRDSGVPDRFSGSKSGNTAVLTISGLQKDDEADYYCCAYVGTLTWVFGDGTKLTVL,55.7,55.7
QVQLVQSGPEVKKPGSSVKVSCKTSSGTYGTYSINWVRQAPGQGLEWMGAIIPIFGKTNYHQKFQGRVTITADSSTNTAYMELTSLTSEDTAMYYCARVEDTALDHYFDYWGQGALVTVSS,QSALTQPRSVSGSPGQVVTISCTGTSSSMGTYNYVSWYQQLPGKPPKLMIYYNSRRYSNVPDRFSGSKSGNTASLTISGLQKDDEADYYCCSYAGTLTWIFGTGTKLTVL,57.6,57.6
QVQLVQSGPEVKKPGSSVKVSCKTSSGTYGTYSINWVRQAPGQGLEWMGAIIPIFGKTNYHQKFQGRVTITADTSTNTAYMELTSLTSEDTAMYYCARVEDTALDHYFDYWGQGALVTVSS,QSSLTQPRSVSGSPGQVVTISCTGTSSQMGTYNYVSWYQQLPGKPPKLMIYGASTRDSGVPDRFSGSKSGNTASLTISGLQKDDEADYYCCSYAGTLTWVFGDGTKLTVL,50.2,50.2
QVQLVQSGPEVKKPGSSVKVSCKTSSGTYGTYSINWVRQAPGQGLEWMGAIIPIFGKTRYHQKFQGRVTITADTSTNTAYMELTNLTSEDTAMYYCARVEDTALDHYFDYWGQGALVTVSS,QSSLTQPRSVSGSPGQVVTISCTGTSSQMGTFNYVSWYQQLPGKPPKLMIYGASTRDSGVPDRFSGSKSGNTAVLTISGLQKDDEADYYCCAYAGTLTWVFGDGTKLTVL,54.2,54.2
QVQLVQSGPEVKKPGSSVKVSCKTSSGTYGTYSINWVRQAPGQGLEWMGAIIPIFGKTRYHQKFQGRVTITADTSTNTAYMELTNLTSEDTAMYYCARVEDTALDHYFDYWGQGALVTVSS,QSSLTQPRSVSGSPGQVVTISCTGTSSQMGTFNYVSWYQQLPGKPPKLMIYGASTRDSGVPDRFSGSKSGNTAVLTISGLQKDDEADYYCCAYAGTLTWVFGEGTKLTVL,55.8,55.8
QVQLVQSGPEVKKPGSSVKVSCKTSGGTYGTYSINWVRQAPGQGLEWMGAIIPIFGKTNYAQKFQGRVTITADTSTSTAYMELTSLTSEDTAMYYCARVEDTALDHYFDYWGQGALVTVSS,QSALTQPRSVSGSPGQSVTISCTGTSGSMGTYNYVSWYQQLPGKPPKLMIYYNSNRYSNVPDRFSGSKSGNTASLTISGLQKDDEADYYCCSYAGTLTWIFGTGTKLTVL,56.7,56.7
VQLVEDGGGIVQPGRSLRLSCYARGFDFHHYAMHWVRQPPGDGLEWVAVISYDGEQTYYADSVKGRFSISRDNSKNTVYLQMNSLQPEDTALYYCARDRIVDDVYYYGMDVWGQGAMVIVDS,DVQLIQSPESLSARVGDKVTIYCQSSRDIHNYLNWYHQKPGRVPELLMHDAWNLEPGVPERFQGRGSGTDFTLTISHLQPEDTGIYYCQAYHNYGNLSFGQGTYVEIS,64.3,64.3
VQLHTSGGGVVPPGRSLRLVCYASGFSFSHYAMHWVRQPPGDGLEWVAVISYDGENTYYHPSVHGRFSISRDNSKNVVYLQMNSLQPEDTALYYCARDRIVDDYYYYGMDVWGQGAMVIVSS,DIQLYQSPESLWARVGDRVTIYCQASQDIKKYLNWYHQKPGRVPELLMHDASNLETGVPERFQGRGSGTDFTLTIESLQPEDQGIYYCQQYDNLPPLTFGQGTQVRIK,64.1,64.1
VQLVTSGGGVVQPGRSLRLVCYASGFSFSHYAMHWVRQPPGKGLEWVAVISYDGENTYYHDSVKGRFSISRDNSKNTVYLQMNSLQPEDTALYYCARDRIVDDYYYYGMDVWGQGAMVIVSS,DIQLYQSPSSLSARVGDRVTITCQASQDIKKYLNWYHQKPGKVPELLMHDASNLETGVPSRFQGRGSGTDFTLTISSLQPEDQGTYYCQQYDNLPPLTFGQGTKVVIK,43.5,43.5
VQLVESGGGVVQPGRSLRLSCYASGFSFSHYAMHWVRQPPGKGLEWVAVISYDGENTYYADSVKGRFSISRDNSKNTVELQMNSLRPEDTALYYCARDRIVDDYYYYGMDVWGQGAWVIVSS,DIQLYQSPSSLSASVGDRVTITCQASQDIKKYLNWYHQKPGKVPELLMHDASNLETGVPSRFQGRGSGTDFTLTISSLQPEDQGTYYCQQYDNLPPLTFGQGTKVVIK,60.5,60.5
DVSLQQSDSTVRKPGSSVILSCKLDHGKYTTYSINWVRQGMGQGLEWMGAIIPIFGITRYHQKFDGRVTITADDSTNTAYMELTNLTSEDTAVYYCAVVEDEALDHYFDYWGQGTLVIVSS,QSSLQQPESVSGKPGQTVTISCTGDSEQIGTYNYVSWYQQYPGKAPKLLIYDVTRRPPGVPERFSGDHSGGTMSLTIRGLQKDDEAIYYCCAYTGTLLWVFGEGTKLTVL,55.1,55.1
DVSLTQSDSDVRKPGSSVKLSCKTDHGKYGTYSINWVRQGMGQGLEWMGAIIPIFGKTNYHQKFQGRVTITADDSTNTAYMELTNLTSEDTAVYYCAVVEDTALDHYFDYWGQGTLVIVSS,QSSLQMPESVSGYPGQIVTISCTGDSDQLGTYNYVSWYQQLPGKAPKLLIYDVTRRPPGVPDRFSGDFSGHTMVLTISNLQKDDEAIYYCCSYTGTLTWVFGEGTKLTVL,52.9,52.9
DVSLTQSDSDVRKPGSSVKLSCKTSDGTYGTYSINWVRQGTGQGLEWMGAIIPIFGKTNYHQKFQGRVTITADDSTRTAYMELTSLTSEDTAVYYCAVVQDTALDHYFDYWGQGTLVIVSS,QSSLTMPESVSGYPGQSVTISCTGDSSQLGTYNYVSWYQQLPGKAPKLLIYDVTRRPPGVPDRFSGDFSGNTMVLTISGLQKDDEAIYYCCSYTGTLTWVFGEGTKLTVL,52.3,52.3
QVQLQQSDSDVKKPGSSVKLSCKTSSGKYTTYSINWVRQGPGQGLEWMGAIIPIFGKTNYAQKFQGRVTITADDSTNTAYMILTNLTSEDTAVYYCARVEDTALDHYFDYWGQGTLVTVSS,QSALTQPRSVSGSPGQSVTISCTGDSEDLGTYNYVSWYQQLPGKAPKLLIYDVTRRPPGVPDRFSGSHSGNTASLTISGLQKDDEAIYYCCSYVGTLTWVFGSGTKLTVL,48.2,48.2
DVSLTQSDSDVKKPGGSVIISCSLHGGTYGTYSINWVRQGMGQGLEWMGAIIPIFGKTRYHKKFHGRVIITADDSNNTAYLHLTNLTEEDTAVYYCARVEDTALDHYFDYWGEGTLIIVSS,QSSLTQPESVSGKPGQTVTISCTGTSGDVGTYNYVSWYQQYPGHAPQLLIYDVTRRPSGVPSRFSGDHSGNIMSLTITNLQKDDEAIYYCCSYAGTLTWVFGNGTKLTVL,54.3,54.3
DVSLTQSDSDVRKPGGSVIISCQLNGGTYGTYSINWVRQGTGQGLEWMGAIIPIFGKTRYHKKFRGRVTITADDSKNTAYIHLTNLTSEDTAHYYCAVVEDTALDHYFDYWGQGTLVIVSS,QSSLWQPRSVSGKPGQTVTITCTGTSGDVGTYNYVSWYRQYPGRAPQLLIYDVTRRPSGVPERFTGDHSGNTMVLIIRGLQETDEAIYYCCSYAGTLTWVFGNGTKLTVL,53.4,53.4
DVSLTQSDSDVRKPGGSVIISCQLNGGTYGTYSINWVRQGMGQGLEWMGAIIPIFGKTRYHQKFQGRVTITADDSKNTAYIHLTNLTSEDTAVYYCAVVEDTALDHYFDYWGQGTLVIVSS,QSSLTQPRSVSGFPGQTVTITCTGTSGDVGTYNYVSWYYQLPGHAPKLLIYDVTRRPSGVPERFTGDHSGNTMVLIIRGLQETDEAIYYCCSYAGTLTWVFGNGTKLTVL,50.5,50.5
DVSLTQSDSDVRKPGSSVKLSCKTDGGTYGTYSINWVRQGMGQGLEWMGAIIPIFGKTNYHQKFQGRVTITADDSTNTAYMELTNLTSEDTAVYYCAVVEDTALDHYFDYWGQGTLVIVSS,QSSLQMPESVSGYPGQTVTISCTGTSGDVGTYNYVSWYQQLPGKAPKLLIYDVTRRPSGVPERFSGDHSGGTMVLTIEGLQEDDEAIYYCCSYAGTLTWVFGEGTKLTVL,62.9,62.9
DVSLQQSDSDVKKPGSSVILSCKLSGGTYGTYSINWVRQGPGQGLEWMGAIIPIFGKTNYHQKFQGRVTITADDSTNTAYLILTNLTSEDTAVYYCAVVEDTALDHYFDYWGQGTLVTVSS,QSSLTQPRSVSGSPGQSVTISCTGTSGDVGTYNYVSWYQQLPGKAPKLLIYDVTRRPSGVPDRFSGDFSGNTMVLTINGLQKDDEAIYYCCSYAGTLTWVFGEGTKLTVL,52.4,52.4
QVQLVQSDSRVKKPGDSVIVSCQFRGGPLRNYIINWLRQPPGTGPEWIGGIIPHLGTVHYAPKFQGRVTITADERTDVVYIHLISLREEDTAVYYCATETALIVSTTYLPHYFDNWGQGTLVIVSS,DIQLTQSPSSLSARVGDRVTITCQASQDIVNYLNWYQQKPGKAPKLLIYNASFLEEGVPSRFSASGSGTDFSLTIEHLQPEDVAIYYCQQYDNLPLTFGSGTRVYIK,74.6,74.6
QVQLVQSDSRVKKPGDSVIVSCQFSGGPLRNYIINWLRQPPGTGPEWMGGIIPMLGTVHYAPKFQGRVTITADERTDIVYIHLISLREEDTAVYYCATETALIVSTTYLPHYFDNWGQGTLVIVSS,DIQLTQSPSSLSAAVGDRVTITCQASQDIVNYLNWYQQYPGKPPKLLIYVASFLEKGVPSRFSASGSGTDFSLTIEHLQPEDVAIYYCQQYDNLPLTFGSGTRVQIK,74.8,74.8
QVQLVQSDSDVKKPGDSVIISCQFSGGPLRNYIINWLRQPPGQGPEWMGGIIPHLGEVYYAPKFQGRVTITADERTDTVYIHLISLREEDTAVYYCATETALMVSTTYLPHYFDNWGQGTLVIVSS,DIQLTQSPSSLSAAVGDRVIIYCRASQDIVNYLNWYQQKPGHAPKLLIYVTYNLEKGVPSRFSGSGSGTDFSLTIEHLQPEDVAIYYCQQYDNLPLTFGQGTRVEIK,76.8,76.8
QVQLVQSDSDVKKPGDSVIISCQFSGGPLRNYIINWLRQPPGTGPEWMGGIIPVLGTVHYAPKFQGRVTITADERTDVVYIILISLREEDTAVYYCATETALVVSTTYLPHYFDNWGQGTLIIVHS,DIQLTQSPSSLSAHVGDIVTIYCQASQDIVNYLNWYQQKPGKAPKLLIYVASNLETGVPERFSASGSGTDFSLTIENLQPEDVATYYCQQYDNLPLTFGQGTQVYIG,68,68
QVQLVQSDSRVKKPGDSVIISCQFSGGPLRNYIINWLRQPPGTGPEWMGGIIPVLGTVHYAPKFQGRVTITADESRDIVYIHLISLREEDTAVYYCATETALVVSTTYLPHYFDNWGQGTLVIVHS,DIQLTQSPSSLSAHVGDIVTIYCQASQDIVNYLNWYQQKPGKAPKLLIYVASNLETGVPSRFSASGSGTDFSLTIENLQPEDVAIYYCQQYDNLPLTFGQGTRVEIG,70.2,70.2
QVQLVQSDSRVKKPGDSVIVSCQFSGGPLRNYIINWLRQPPGTGPEWMGGIIPVLGTVHYAPKFQGRVTITADESRDIAYIHLISLREEDTAMYYCATETALVVSTTYLPHYFDNWGQGTLVIVHS,DIQLTQSPSSLSAAVGDRVTIYCQASQDIVNYLNWYQQKPGKAPKLLIYVASNLETGVPSRFSASGSGTDFSLTIEHLQPEDVAIYYCQQYDNLPLTFGQGTRVEIK,73,73
QVTLQESGPDLVKPGQTLTLTCTFDGFSLSHPGMSVGWIRQPPGKSLEWLADIWWDDKKYYNPSLKDRLRIYKDESKNQVVLKVTNMDPSDTATYYCARSMIFNFYFDVWGQGMTVTVSS,DIQMTQYPSTLSASVGDRVTITCSASSSVGYMHWYQQKPGKAPKLLIYDTSKLASGVPSRFDGSGSGTEFTLTIKHLQPDDFATYYCFQASDYPFTFGEGTKVEIG,59.7,59.7
QVTLQESGPDLVKPGQTLTLTCTFDGFSLSQAGMSVGWIRQPPGKSLEWLADIWWDDKKHYNPSLKDRLRISKDTSKNQVVLKVTNMDPKDTATYYCARSMIFNFYFDVWGQGTTVTVSS,DIQMTQFPSTLSASVGDRVTITCSASSEVGYMHWYQQKPGKAPKLLIYDTSKLASGVPSRFDGSGSGTEFTLTIKHLQPDDFATYYCFQGSHYPFTFGEGTKVEIG,60.3,60.3
DVTLQESGPHLVKPGQTLVLTCTFDGFSLSTAGMSVGWIRQPPGKSLEWLADIWWDDKTFYNPSLKDNLRISKDDSKNQVVLKVTNMQPSDTATYYCARDMIFNFYFDVWGQGMFVTVSS,DIQLTQYPSTLSASVGDRVTITCSASSRVGYMHWYQQKPGKAPRLLIYDTSKLASGVPERFSGDGSGTIFTLHIKHLQPDDFATYYCFQGSGYPFTFGEGTKVEIG,35.2,35.2
QVQLVQSDARVKKPGDSVIISCQFSGGPLRNYIINWLRQPPGTGPEWMGGIIPHLGTVHYHPKFQGRVIITADESRDIAYIHITNLREEDTAVYYCATETALVVSSGYQPHYFDNWGQGTLVIVSS,DIQLIQSPSSLSASVGDRVTIWCHASTDIHCYLNWYQQYPGKPPRLLIYNGYFLCEGVPSRFSGYGSGTDFSLVIENLQPEDVAIYYCAVQDFPHQFGQGTKVTIK,57.4,57.4
DVSLTQSDSCVRKPGGSVVISCKLNDGHYTTYSINWVRQGMGQGLEWMGAIIPIFGKTRYHQKFDGRVTITADSSKNTAYMYLTNLTSEDTAVYYCAIVEDQALDHYFDYWGQGTLVIVSS,QSSLQQPESVSGKPGQTVTISCRGTSNTIGTYNYVSWYQQYPGRAPQLLIYNVSIRDRGVPERFSGSCSGNTASLTIRGLQKDDEAIYYCCVYTGDLLWVFGEGTKLTVL,55.2,55.2
VQLVESGGGVVQPGRSLRLSCAASGFSFSHYAMHWVRQAPGKGLEWVAVISYDGENTYYADSVKGRFSISRDNSKNTVSLQMNSLRPEDTALYYCARDRIVDDYYYYGMDVWGQGATVTVSS,DIQMTQSPSSLSASVGDRVTITCQASQDIKKYLNWYHQKPGKVPELLMHDASNLETGVPSRFSGRGSGTDFTLTISSLQPEDIGTYYCQQYDNLPPLTFGGGTKVEIK,55.4,55.4
QVQLVQSGAEVKKPGSSVMVSCQASGGPLRNYIINWLRQAPGQGPEWMGGIIPVLGTVHYAPKFQGRVTITADESTDTAYIHLISLRSEDTAMYYCATETALVVSTTYLPHYFDNWGQGTLVTVSS,DIQMTQSPSSLSAAVGDRVTITCQASQDIVNYLNWYQQKPGKAPKLLIYVASNLETGVPSRFSGSGSGTDFSLTISSLQPEDVATYYCQQYDNLPLTFGGGTKVEIK,74,74
QVTLRESGPALVKPTQTLTLTCTFSGFSLSTAGMSVGWIRQPPGKALEWLADIWWDDKKHYNPSLKDRLTISKDTSKNQVVLKVTNMDPADTATYYCARDMIFNFYFDVWGQGTTVTVSS,DIQMTQSPSTLSASVGDRVTITCSASSRVGYMHWYQQKPGKAPKLLIYDTSKLASGVPSRFSGSGSGTEFTLTISSLQPDDFATYYCFQGSGYPFTFGGGTKVEIK,46.6,46.6
QVQLVQSGAEVKKPGSSVKVSCKTSGGTYGTYSINWVRQAPGQGLEWMGAIIPIFGKTNYAQKFQGRVTITADASTSTAYMELGSLTSEDTAMYYCARVEDTALDHYFDYWGQGALVTVSS,QSALTQPRSVSGSPGQSVTISCTGTSGDVGTYNYVSWYQQLPGKAPKLMIYDVTRRPSGVPDRFSGSKSGNTASLTISGLQADDEADYYCCSYAGTLTWVFGGGTKLTVL,50.3,50.3