heavy,light,Tm1 (C) IgG Thermostability,fitness
QVQLQESGAEVMKPGASVKISCKATGYTFSTYWIEWVKQRPGHGLEWIGEILPGSGSTYYNEKFKGKATFTADTSSNTAYMQLSSLTSEDSAVYYCARGDGNYGYWGQGTTLTVSS,DIELTQSPATLSVTPGDSVSLSCRASQSISNNLHWYQQKSHESPRLLIKYVSQSSSGIPSRFSGSGSGTDFTLSINSVETEDFGMYFCQQSNSWPRTFGGGTKLEIK,67.3,67.3
QVQLQESGAEVMKPGASVKISCKATGYTFTTYWIEWVKQRPGHGLEWIGEILPGSGSTYYNEKFKGKATFTADTSSNTAYMQLSSLTSEDSAVYYCARGDGNYGYWGQGTTLTVSS,DIELTQSPATLSVTPGDSVSLSCRASQSISNNLHWYQQKSHESPRLLIKYVSQSSSGIPSRFSGSGSGTDFTLSINSVETEDFGMYFCQQSNSWPRTFGGGTKLEIK,67.6,67.6
QVQLQESGAEVMKPGASVKISCKATGYTFSTYWIEWVKQRPGHGLEWIGEILPGSGSTYYNEKFKGKATFTADTSSNTAYMQLSSLTSEDSAVYYCARGDGNYGYWGQGTTLTVSS,DIELTQSPATLSVTPGDSVSLSCRASQSISNNLHWYQQKSHESPRLLIKYVSQSISGIPSRFSGSGSGTDFTLSINSVETEDFGMYFCQQSNSWPRTFGGGTKLEIK,67.9,67.9
QVQLQESGAEVMKPGASVKISCKATGYTFSTYWIEWVKQRPGHGLEWIGEILPGSGSTYYNEKFKGKATFTADTSSNTAYMQLSSLTSEDSAVYYCARGDGNYGYWGQGTTLTVSS,DIELTQSPATLSVTPGDSVSLSCRASQSISNNLHWYQQKSHESPRLLIKYVSQSVSGIPSRFSGSGSGTDFTLSINSVETEDFGMYFCQQSNSWPRTFGGGTKLEIK,64,64
QVQLQESGAEVMKPGASVKISCKATGYTFSTYWIEWVKQRPGHGLEWIGEILPGSGSTYYNEKFKGKATFTADTSSNTAYMQLSSLTSEDSAVYYCARGDGNYGYWGQGTTLTVSS,DIELTQSPATLSVTPGDSVSLSCRASQSISNNLHWYQQKSHESPRLLIKYVSQSLSGIPSRFSGSGSGTDFTLSINSVETEDFGMYFCQQSNSWPRTFGGGTKLEIK,66.6,66.6
QVQLQESGAEVMKPGASVKISCKATGYTFSTYWIEWVKQRPGHGLEWIGEILPGSGSTYYNEKFKGKATFTADTSSNTAYMQLSSLTSEDSAVYYCARGDGNYGYWGQGTTLTVSS,DIELTQSPATLSVTPGDSVSLSCRASQSISNNLHWYQQKSHESPRLLIKYVSQSMSGIPSRFSGSGSGTDFTLSINSVETEDFGMYFCQQSNSWPRTFGGGTKLEIK,68.1,68.1
QVQLQESGAEVMKPGASVKISCKATGYTFSTYWIEWVKQRPGHGLEWIGEILPGSGSTYYNEKFKGKATFTADTSSNTAYMQLSSLTSEDSAVYYCARGDGNYGYWGQGTTLTVSS,DIELTQSPATLSVTPGDSVSLSCRASQSISNNLHWYQQKSHESPRLLIKYVSQSASGIPSRFSGSGSGTDFTLSINSVETEDFGMYFCQQSNSWPRTFGGGTKLEIK,68.8,68.8
QVQLQESGAEVMKPGASVKISCKATGYTFSTYWIEWVKQRPGHGLEWIGEILPGSGSTYYNEKFKGKATFTADTSSNTAYMQLSSLTSEDSAVYYCARGDGNYGYWGQGTTLTVSS,DIELTQSPATLSVTPGDSVSLSCRASQSISNNLHWYQQKSHESPRLLIKYVSQSPSGIPSRFSGSGSGTDFTLSINSVETEDFGMYFCQQSNSWPRTFGGGTKLEIK,64.7,64.7
QVQLQESGAEVMKPGASVKISCKATGYTFSTYWIEWVKQRPGHGLEWIGEILPGSGSTYYNEKFKGKATFTADTSSNTAYMQLSSLTSEDSAVYYCARGDGNYGYWGQGTTLTVSS,DIELTQSPATLSVTPGDSVSLSCRASQSISNNLHWYQQKSHESPRLLIKYVSQSDSGIPSRFSGSGSGTDFTLSINSVETEDFGMYFCQQSNSWPRTFGGGTKLEIK,65.1,65.1
QVQLQESGAEVMKPGASVKISCKATGYTFSTYWIEWVKQRPGHGLEWIGEILPGSGSTYYNEKFKGKATFTADTSSNTAYMQLSSLTSEDSAVYYCARGDGNYGYWGQGTTLTVSS,DIELTQSPATLSVTPGDSVSLSCRASQSISNNLHWYQQKSHESPRLLIKYVSQSQSGIPSRFSGSGSGTDFTLSINSVETEDFGMYFCQQSNSWPRTFGGGTKLEIK,70.5,70.5
QVQLQESGAEVMKPGASVKISCKATGYTFSTYWIEWVKQRPGHGLEWIGEILPGSGSTYYNEKFKGKATFTADTSSNTAYMQLSSLTSEDSAVYYCARGDGNYGYWGQGTTLTVSS,DIELTQSPATLSVTPGDSVSLSCRASQSISNNLHWYQQKSHESPRLLIKYVSQSESGIPSRFSGSGSGTDFTLSINSVETEDFGMYFCQQSNSWPRTFGGGTKLEIK,68.9,68.9
QVQLQESGAEVMKPGASVKISCKATGYTFSTYWIEWVKQRPGHGLEWIGEILPGSGSTYYNEKFKGKATFTADTSSNTAYMQLSSLTSEDSAVYYCARGDGNYGYWGQGTTLTVSS,DIELTQSPATLSVTPGDSVSLSCRASQSISNNLHWYQQKSHESPRLLIKYVSQLSSGIPSRFSGSGSGTDFTLSINSVETEDFGMYFCQQSNSWPRTFGGGTKLEIK,69.3,69.3
QVQLQESGAEVMKPGASVKISCKATGYTFSTYWIEWVKQRPGHGLEWIGEILPGSGSTYYNEKFKGKATFTADTSSNTAYMQLSSLTSEDSAVYYCARGDGNYGYWGQGTTLTVSS,DIELTQSPATLSVTPGDSVSLSCRASQSISNNLHWYQQKSHESPRLLIKYVSQRSSGIPSRFSGSGSGTDFTLSINSVETEDFGMYFCQQSNSWPRTFGGGTKLEIK,68.7,68.7
QVQLQESGAEVMKPGASVKISCKATGYTFSTYWIEWVKQRPGHGLEWIGEILPGSGSTYYNEKFKGKATFTADTSSNTAYMQLSSLTSEDSAVYYCARGDGNYGYWGQGTTLTVSS,DIELTQSPATLSVTPGDSVSLSCRASQSISNNLHWYQQKSHESPRLLIKYASQSSSGIPSRFSGSGSGTDFTLSINSVETEDFGMYFCQQSNSWPRTFGGGTKLEIK,65.6,65.6
QVQLQESGAEVMKPGASVKISCKATGYTFSTYWIEWVKQRPGHGLEWIGEILPGSGSTYYNEKFKGKATFTADTSSNTAYMQLSSLTSEDSAVYYCARGDGNYGYWGQGTTLTVSS,DIELTQSPATLSVTPGDSVSLSCRASQSISNNLHWYQQKSHESPRLLIKYGSQSSSGIPSRFSGSGSGTDFTLSINSVETEDFGMYFCQQSNSWPRTFGGGTKLEIK,66.2,66.2
QVQLQESGAEVMKPGASVKISCKATGYTFSTYWIEWVKQRPGHGLEWIGEILPGSGSTYYNEKFKGKATFTADTSSNTAYMQLSSLTSEDSAVYYCARGDGNYGYWGQGTTLTVSS,DIELTQSPATLSVTPGDSVSLSCRASQSISNNLHWYQQKSHESPRLLIKYTSQSSSGIPSRFSGSGSGTDFTLSINSVETEDFGMYFCQQSNSWPRTFGGGTKLEIK,69.6,69.6
QVQLQESGAEVMKPGASVKISCKATGYTFSTYWIEWVKQRPGHGLEWIGEILPGSGSTYYNEKFKGKATFTADTSSNTAYMQLSSLTSEDSAVYYCARGDGNYGYWGQGTTLTVSS,DIELTQSPATLSVTPGDSVSLSCRASQSISNNLHWYQQKPHESPRLLIKYVSQSSSGIPSRFSGSGSGTDFTLSINSVETEDFGMYFCQQSNSWPRTFGGGTKLEIK,67.2,67.2
QVQLQESGAEVMKPGASVKISCKATGYTFSTYWIEWVKQRPGHGLEWIGEILPGSGSTYYNEKFKGKATFTADTSSNTAYMQLSSLTSEDSAVYYCARGDGNYCYWGQGTTLTVSS,DIELTQSPATLSVTPGDSVSLSCRASQSISNNLHWYQQKSHESPRLLIKYVSQSSSGIPSRFSGSGSGTDFTLSINSVETEDFGMYFCQQSNSWPRTFGGGTKLEIK,67.5,67.5
QVQLQESGAEVMKPGASVKISCKATGYTFSTYWIEWVKQRPGHGLEWIGEILPGSGSTYYNEKFKGKATFTADTSSNTAYMQLSSLTSEDSAVYYCARGDGNYYYWGQGTTLTVSS,DIELTQSPATLSVTPGDSVSLSCRASQSISNNLHWYQQKSHESPRLLIKYVSQSSSGIPSRFSGSGSGTDFTLSINSVETEDFGMYFCQQSNSWPRTFGGGTKLEIK,68.9,68.9
QVQLQESGAEVMKPGASVKISCKATGYTFSTYWIEWVKQRPGHGLEWIGEILPGSGSTYYNEKFKGKATFTADTSSNTAYMQLSSLTSEDSAVYYCARGDGFYGYWGQGTTLTVSS,DIELTQSPATLSVTPGDSVSLSCRASQSISNNLHWYQQKSHESPRLLIKYVSQSSSGIPSRFSGSGSGTDFTLSINSVETEDFGMYFCQQSNSWPRTFGGGTKLEIK,66.8,66.8
QVQLQESGAEVMKPGASVKISCKATGYTFSTYWIEWVKQRPGHGLEWIGEILPGSGSTYYNEKFKGKATFTADTSSNTAYMQLSSLTSEDSAVYYCARGDGWYGYWGQGTTLTVSS,DIELTQSPATLSVTPGDSVSLSCRASQSISNNLHWYQQKSHESPRLLIKYVSQSSSGIPSRFSGSGSGTDFTLSINSVETEDFGMYFCQQSNSWPRTFGGGTKLEIK,69.3,69.3
QVQLQESGAEVMKPGASVKISCKATGYTFSTYWIEWVKQRPGHGLEWIGEILPGSGSTYYNEKFKGKATFTADTSSNTAYMQLSSLTSEDSAVYYCARGDGYYGYWGQGTTLTVSS,DIELTQSPATLSVTPGDSVSLSCRASQSISNNLHWYQQKSHESPRLLIKYVSQSSSGIPSRFSGSGSGTDFTLSINSVETEDFGMYFCQQSNSWPRTFGGGTKLEIK,66.4,66.4
QVQLQESGAEVMKPGASVKISCKATGYTFSTYWIEWVKQRPGHGLEWIGEILPGSGSTYYNEKFKGKATFTADTSSNTAYMQLSSLTSEDSAVYYCARGDGHYGYWGQGTTLTVSS,DIELTQSPATLSVTPGDSVSLSCRASQSISNNLHWYQQKSHESPRLLIKYVSQSSSGIPSRFSGSGSGTDFTLSINSVETEDFGMYFCQQSNSWPRTFGGGTKLEIK,68.5,68.5