heavy,light,Tm1 (°C) IgG Thermostability,fitness
QVQLQESGAEVMKPGASVKISCKATGYTFSTYWIEWVKQRPGHGLEWIGEILPGSGSTYYNEKFKGKATFTADTSSNTAYMQLSSLTSEDSAVYYCARGDGNYGYWGQGTTLTVSS,DIELTQSPATLSVTPGDSVSLSCRASQSISNNLHWYQQKSHESPRLLIKYVSQSSSGIPSRFSGSGSGTDFTLSINSVETEDFGMYFCQQSNSWPRTFGGGTKLEIK,67.3,67.3
QVQLQESGAEVMKPGASVKISCKATGYTFTTYWIEWVKQRPGHGLEWIGEILPGSGSTYYNEKFKGKATFTADTSSNTAYMQLSSLTSEDSAVYYCARGDGNYYYWGQGTTLTVS,DIELTQSPATLSVTPGDSVSLSCRASQSISNNLHWYQQKSHESPRLLIKYGSQLMSGIPSRFSGSGSGTDFTLSINSVETEDFGMYFCQQSNSWPRTFGGGTKLEIKR,67.1,67.1
QVQLQESGAEVMKPGASVKISCKATGYTFTTYWIEWVKQRPGHGLEWIGEILPGSGSTYYNEKFKGKATFTADTSSNTAYMQLSSLTSEDSAVYYCARGDGNYYYWGQGTTLTVS,DIELTQSPATLSVTPGDSVSLSCRASQSISNNLHWYQQKPHESPRLLIKYTSQSDSGIPSRFSGSGSGTDFTLSINSVETEDFGMYFCQQSNSWPRTFGGGTKLEIKR,63.2,63.2
QVQLQESGAEVMKPGASVKISCKATGYTFSTYWIEWVKQRPGHGLEWIGEILPGSGSTYYNEKFKGKATFTADTSSNTAYMQLSSLTSEDSAVYYCARGDGWYYYWGQGTTLTVS,DIELTQSPATLSVTPGDSVSLSCRASQSISNNLHWYQQKPHESPRLLIKYTSQSMSGIPSRFSGSGSGTDFTLSINSVETEDFGMYFCQQSNSWPRTFGGGTKLEIKR,66.3,66.3
QVQLQESGAEVMKPGASVKISCKATGYTFSTYWIEWVKQRPGHGLEWIGEILPGSGSTYYNEKFKGKATFTADTSSNTAYMQLSSLTSEDSAVYYCARGDGHYYYWGQGTTLTVS,DIELTQSPATLSVTPGDSVSLSCRASQSISNNLHWYQQKPHESPRLLIKYTSQSMSGIPSRFSGSGSGTDFTLSINSVETEDFGMYFCQQSNSWPRTFGGGTKLEIKR,65.1,65.1
QVQLQESGAEVMKPGASVKISCKATGYTFTTYWIEWVKQRPGHGLEWIGEILPGSGSTYYNEKFKGKATFTADTSSNTAYMQLSSLTSEDSAVYYCARGDGYYYYWGQGTTLTVS,DIELTQSPATLSVTPGDSVSLSCRASQSISNNLHWYQQKSHESPRLLIKYTSQSMSGIPSRFSGSGSGTDFTLSINSVETEDFGMYFCQQSNSWPRTFGGGTKLEIKR,67.9,67.9
QVQLQESGAEVMKPGASVKISCKATGYTFTTYWIEWVKQRPGHGLEWIGEILPGSGSTYYNEKFKGKATFTADTSSNTAYMQLSSLTSEDSAVYYCARGDGNYYYWGQGTTLTVS,DIELTQSPATLSVTPGDSVSLSCRASQSISNNLHWYQQKPHESPRLLIKYGSQSMSGIPSRFSGSGSGTDFTLSINSVETEDFGMYFCQQSNSWPRTFGGGTKLEIKR,63.8,63.8
QVQLQESGAEVMKPGASVKISCKATGYTFTTYWIEWVKQRPGHGLEWIGEILPGSGSTYYNEKFKGKATFTADTSSNTAYMQLSSLTSEDSAVYYCARGDGNYYYWGQGTTLTVS,DIELTQSPATLSVTPGDSVSLSCRASQSISNNLHWYQQKSHESPRLLIKYTSQLMSGIPSRFSGSGSGTDFTLSINSVETEDFGMYFCQQSNSWPRTFGGGTKLEIKR,64.8,64.8
QVQLQESGAEVMKPGASVKISCKATGYTFTTYWIEWVKQRPGHGLEWIGEILPGSGSTYYNEKFKGKATFTADTSSNTAYMQLSSLTSEDSAVYYCARGDGWYGYWGQGTTLTVS,DIELTQSPATLSVTPGDSVSLSCRASQSISNNLHWYQQKPHESPRLLIKYTSQSMSGIPSRFSGSGSGTDFTLSINSVETEDFGMYFCQQSNSWPRTFGGGTKLEIKR,67.1,67.1
QVQLQESGAEVMKPGASVKISCKATGYTFTTYWIEWVKQRPGHGLEWIGEILPGSGSTYYNEKFKGKATFTADTSSNTAYMQLSSLTSEDSAVYYCARGDGWYYYWGQGTTLTVS,DIELTQSPATLSVTPGDSVSLSCRASQSISNNLHWYQQKSHESPRLLIKYTSQSMSGIPSRFSGSGSGTDFTLSINSVETEDFGMYFCQQSNSWPRTFGGGTKLEIKR,64.1,64.1
QVQLQESGAEVMKPGASVKISCKATGYTFTTYWIEWVKQRPGHGLEWIGEILPGSGSTYYNEKFKGKATFTADTSSNTAYMQLSSLTSEDSAVYYCARGDGHYGYWGQGTTLTVS,DIELTQSPATLSVTPGDSVSLSCRASQSISNNLHWYQQKPHESPRLLIKYTSQSMSGIPSRFSGSGSGTDFTLSINSVETEDFGMYFCQQSNSWPRTFGGGTKLEIKR,66.4,66.4
QVQLQESGAEVMKPGASVKISCKATGYTFTTYWIEWVKQRPGHGLEWIGEILPGSGSTYYNEKFKGKATFTADTSSNTAYMQLSSLTSEDSAVYYCARGDGHYYYWGQGTTLTVS,DIELTQSPATLSVTPGDSVSLSCRASQSISNNLHWYQQKPHESPRLLIKYTSQSMSGIPSRFSGSGSGTDFTLSINSVETEDFGMYFCQQSNSWPRTFGGGTKLEIKR,65.3,65.3
QVQLQESGAEVMKPGASVKISCKATGYTFTTYWIEWVKQRPGHGLEWIGEILPGSGSTYYNEKFKGKATFTADTSSNTAYMQLSSLTSEDSAVYYCARGDGYYGYWGQGTTLTVS,DIELTQSPATLSVTPGDSVSLSCRASQSISNNLHWYQQKPHESPRLLIKYTSQSMSGIPSRFSGSGSGTDFTLSINSVETEDFGMYFCQQSNSWPRTFGGGTKLEIKR,68.5,68.5
QVQLQESGAEVMKPGASVKISCKATGYTFTTYWIEWVKQRPGHGLEWIGEILPGSGSTYYNEKFKGKATFTADTSSNTAYMQLSSLTSEDSAVYYCARGDGHYYYWGQGTTLTVS,DIELTQSPATLSVTPGDSVSLSCRASQSISNNLHWYQQKSHESPRLLIKYTSQSMSGIPSRFSGSGSGTDFTLSINSVETEDFGMYFCQQSNSWPRTFGGGTKLEIKR,65.8,65.8
QVQLQESGAEVMKPGASVKISCKATGYTFTTYWIEWVKQRPGHGLEWIGEILPGSGSTYYNEKFKGKATFTADTSSNTAYMQLSSLTSEDSAVYYCARGDGNYYYWGQGTTLTVS,DIELTQSPATLSVTPGDSVSLSCRASQSISNNLHWYQQKPHESPRLLIKYTSQSMSGIPSRFSGSGSGTDFTLSINSVETEDFGMYFCQQSNSWPRTFGGGTKLEIKR,62.6,62.6