heavy,Tm,Units,Assay/Protocol,fitness
QVKLEESGGGLVQAGGSLRLSCAASERTFSRYPVAWFRQAPGAEREFVAVISRTGTSTYYADSVKGRFTISRDNAKVTVYLQMNNLKREDTAVYFCAVNSQRTRLQDPNEYDYWGQGTQVTVSSHHHHHH,74,°C (Celsius),Tm,74
QVKLEESGGGLVQAGGSLRLSCAASERTFSRYPVAWFRQAPGAEREFVAVISSRGTSTYYADSVKGRFTISRDNAKVTVYLQMNNLKREDTAVYFCAVNSQRTRLQDPNEYDYWGQGTQVTVSSHHHHHH,75.5,°C (Celsius),Tm,75.5
QVKLEESGGGLVQAGGSLRLSCAASERTFSRYPVAWFRQAPGAEREFVAVISSTGISTYYADSVKGRFTISRDNAKVTVYLQMNNLKREDTAVYFCAVNSQRTRLQDPNEYDYWGQGTQVTVSSHHHHHH,76.5,°C (Celsius),Tm,76.5
QVKLEESGGGLVQAGGSLRLSCAASERTFSRYPVAWFRQAPGAEREFVAVISSTGRSTYYADSVKGRFTISRDNAKVTVYLQMNNLKREDTAVYFCAVNSKRKRLQDPNEYDYWGQGTQVTVSSHHHHHH,81.3,°C (Celsius),Tm,81.3
QVKLEESGGGLVQAGGSLRLSCAASERTFSRYPVAWFRQAPGAEREFVAVISSTGRSTYYADSVKGRFTISRDNAKVTVYLQMNNLKREDTAVYFCAVNSKRMRLQDPNEYDYWGQGTQVTVSSHHHHHH,80.9,°C (Celsius),Tm,80.9
QVKLEESGGGLVQAGGSLRLSCAASERTFSRYPVAWFRQAPGAEREFVAVISSTGRSTYYADSVKGRFTISRDNAKVTVYLQMNNLKREDTAVYFCAVNSKRRRLQDPNEYDYWGQGTQVTVSSHHHHHH,81.6,°C (Celsius),Tm,81.6
QVKLEESGGGLVQAGGSLRLSCAASERTFSRYPVAWFRQAPGAEREFVAVISSTGRSTYYADSVKGRFTISRDNAKVTVYLQMNNLKREDTAVYFCAVNSKRTRLQDPNEYDYWGQGTQVTVSSHHHHHH,81.4,°C (Celsius),Tm,81.4
QVKLEESGGGLVQAGGSLRLSCAASERTFSRYPVAWFRQAPGAEREFVAVISSTGRSTYYADSVKGRFTISRDNAKVTVYLQMNNLKREDTAVYFCAVNSQRKRLQDPNEYDYWGQGTQVTVSSHHHHHH,78.5,°C (Celsius),Tm,78.5
QVKLEESGGGLVQAGGSLRLSCAASERTFSRYPVAWFRQAPGAEREFVAVISSTGRSTYYADSVKGRFTISRDNAKVTVYLQMNNLKREDTAVYFCAVNSQRMRLQDPNEYDYWGQGTQVTVSSHHHHHH,77,°C (Celsius),Tm,77
QVKLEESGGGLVQAGGSLRLSCAASERTFSRYPVAWFRQAPGAEREFVAVISSTGRSTYYADSVKGRFTISRDNAKVTVYLQMNNLKREDTAVYFCAVNSQRRRLQDPNEYDYWGQGTQVTVSSHHHHHH,78.5,°C (Celsius),Tm,78.5
QVKLEESGGGLVQAGGSLRLSCAASERTFSRYPVAWFRQAPGAEREFVAVISSTGRSTYYADSVKGRFTISRDNAKVTVYLQMNNLKREDTAVYFCAVNSQRTRLQDPNEYDYWGQGTQVTVSSHHHHHH,77.2,°C (Celsius),Tm,77.2
QVKLEESGGGLVQAGGSLRLSCAASERTFSRYPVAWFRQAPGAEREFVAVISSTGTSKYYADSVKGRFTISRDNAKVTVYLQMNNLKREDTAVYFCAVNSQRTRLQDPNEYDYWGQGTQVTVSSHHHHHH,76.9,°C (Celsius),Tm,76.9
QVKLEESGGGLVQAGGSLRLSCAASERTFSRYPVAWFRQAPGAEREFVAVISSTGTSTYYADSVKGRFTISRDNAKVTVYLQMNNLKREDTAVYFCAVNSKRKRLQDPNEYDYWGQGTQVTVSSHHHHHH,81.5,°C (Celsius),Tm,81.5
QVKLEESGGGLVQAGGSLRLSCAASERTFSRYPVAWFRQAPGAEREFVAVISSTGTSTYYADSVKGRFTISRDNAKVTVYLQMNNLKREDTAVYFCAVNSKRMRLQDPNEYDYWGQGTQVTVSSHHHHHH,81.3,°C (Celsius),Tm,81.3
QVKLEESGGGLVQAGGSLRLSCAASERTFSRYPVAWFRQAPGAEREFVAVISSTGTSTYYADSVKGRFTISRDNAKVTVYLQMNNLKREDTAVYFCAVNSKRRRLQDPNEYDYWGQGTQVTVSSHHHHHH,81.9,°C (Celsius),Tm,81.9
QVKLEESGGGLVQAGGSLRLSCAASERTFSRYPVAWFRQAPGAEREFVAVISSTGTSTYYADSVKGRFTISRDNAKVTVYLQMNNLKREDTAVYFCAVNSKRTRLQDPNEYDYWGQGTQVTVSSHHHHHH,81.4,°C (Celsius),Tm,81.4
QVKLEESGGGLVQAGGSLRLSCAASERTFSRYPVAWFRQAPGAEREFVAVISSTGTSTYYADSVKGRFTISRDNAKVTVYLQMNNLKREDTAVYFCAVNSQRKRLQDPNEYDYWGQGTQVTVSSHHHHHH,78.5,°C (Celsius),Tm,78.5
QVKLEESGGGLVQAGGSLRLSCAASERTFSRYPVAWFRQAPGAEREFVAVISSTGTSTYYADSVKGRFTISRDNAKVTVYLQMNNLKREDTAVYFCAVNSQRMRLQDPNEYDYWGQGTQVTVSSHHHHHH,77.4,°C (Celsius),Tm,77.4
QVKLEESGGGLVQAGGSLRLSCAASERTFSRYPVAWFRQAPGAEREFVAVISSTGTSTYYADSVKGRFTISRDNAKVTVYLQMNNLKREDTAVYFCAVNSQRRRLQDPNEYDYWGQGTQVTVSSHHHHHH,79.1,°C (Celsius),Tm,79.1
QVKLEESGGGLVQAGGSLRLSCAASERTFSRYPVAWFRQAPGAEREFVAVISSTGTSTYYADSVKGRFTISRDNAKVTVYLQMNNLKREDTAVYFCAVNSQRTRLFDPNEYDYWGQGTQVTVSSHHHHHH,81,°C (Celsius),Tm,81
QVKLEESGGGLVQAGGSLRLSCAASERTFSRYPVAWFRQAPGAEREFVAVISSTGTSTYYADSVKGRFTISRDNAKVTVYLQMNNLKREDTAVYFCAVNSQRTRLLDPNEYDYWGQGTQVTVSSHHHHHH,80,°C (Celsius),Tm,80
QVKLEESGGGLVQAGGSLRLSCAASERTFSRYPVAWFRQAPGAEREFVAVISSTGTSTYYADSVKGRFTISRDNAKVTVYLQMNNLKREDTAVYFCAVNSQRTRLQDPNEYDYWGQGTQVTVSSHHHHHH,78.2,°C (Celsius),Tm,78.2
QVKLEESGGGLVQAGGSLRLSCAASERTFSRYPVAWFRQAPGAEREFVAVISSTGTSTYYADSVKGRFTISRDNAKVTVYLQMNNLKREDTAVYFCAVNSQRTRLQDPNQYDYWGQGTQVTVSSHHHHHH,78.1,°C (Celsius),Tm,78.1
QVKLEESGGGLVQAGGSLRLSCAASERTFSRYPVAWFRQAPGAEREFVAVISSTGTSTYYADSVKGRFTISRDNAKVTVYLQMNNLKREDTAVYFCAVNSQRTRLQDPREYDYWGQGTQVTVSSHHHHHH,77.6,°C (Celsius),Tm,77.6
QVKLEESGGGLVQAGGSLRLSCAASERTFSRYPVAWFRQAPGAEREFVAVISSTGTSTYYADSVKGRFTISRDNAKVTVYLQMNNLKREDTAVYFCAVNSQRTRLQNPNEYDYWGQGTQVTVSSHHHHHH,74.9,°C (Celsius),Tm,74.9
QVKLEESGGGLVQAGGSLRLSCAASERTFSRYPVAWFRQAPGAEREFVAVISSTGTSTYYADSVKGRFTISRDNAKVTVYLQMNNLKREDTAVYFCAVNSQRTRLQRPNEYDYWGQGTQVTVSSHHHHHH,70.8,°C (Celsius),Tm,70.8
QVKLEESGGGLVQAGGSLRLSCAASERTFSRYPVAWFRQAPGAEREFVAVISSTGTSTYYADSVKGRFTISRDNAKVTVYLQMNNLKREDTAVYFCAVNSQRTRLQYPNEYDYWGQGTQVTVSSHHHHHH,73.4,°C (Celsius),Tm,73.4
QVKLEESGGGLVQAGGSLRLSCAASERTFSRYPVAWFRQAPGAEREFVAVISSTGTSTYYADSVKGRFTISRDNAKVTVYLQMNNLKREDTAVYFCAVNSQRTRLWDPNEYDYWGQGTQVTVSSHHHHHH,79.7,°C (Celsius),Tm,79.7
QVKLEESGGGLVQAGGSLRLSCAASERTFSRYPVAWFRQAPGAEREFVAVISSTGTSTYYADSVKGRFTISRDNAKVTVYLQMNNLKREDTAVYFCAVNSQRTRLYDPNEYDYWGQGTQVTVSSHHHHHH,79,°C (Celsius),Tm,79
QVKLEESGGGLVQAGGSLRLSCAASERTFSRYPVAWFRQAPGAEREFVAVISSTGTSTYYADSVKGRFTISRDNAKVTVYLQMNNLKREDTAVYFCAVNSQRTWLQDPNEYDYWGQGTQVTVSSHHHHHH,77.3,°C (Celsius),Tm,77.3
QVKLEESGGGLVQAGGSLRLSCAASERTFSRYPVAWFRQAPGAEREFVAVISSTGTSTYYADSVKGRFTISRDNAKVTVYLQMNNLKREDTAVYFCAVNSQRWRLQDPNEYDYWGQGTQVTVSSHHHHHH,77.5,°C (Celsius),Tm,77.5
QVKLEESGGGLVQAGGSLRLSCAASERTFSRYPVAWFRQAPGAEREFVAVISSWGTSTYYADSVKGRFTISRDNAKVTVYLQMNNLKREDTAVYFCAVNSQRTRLQDPNEYDYWGQGTQVTVSSHHHHHH,74,°C (Celsius),Tm,74
QVKLEESGGGLVQAGGSLRLSCAASERTFSRYPVAWFRQAPGAEREFVAVISSYGTSTYYADSVKGRFTISRDNAKVTVYLQMNNLKREDTAVYFCAVNSQRTRLQDPNEYDYWGQGTQVTVSSHHHHHH,76,°C (Celsius),Tm,76